{
    "click_prob": [
        0.1,
        0.16,
        0.28,
        0.52,
        1.0
    ],
    "eta": 1.0,
    "exam_prob": [
        0.68,
        0.61,
        0.48,
        0.34,
        0.28,
        0.2,
        0.11,
        0.1,
        0.08,
        0.06
    ],
    "w": [
        -0.13390555877443555,
        0.1988461661157539,
        -0.026005814485797307,
        -0.14176620063529133,
        -0.38422296795127564,
        0.06025565950422718,
        -0.35635814410370004,
        0.5520134349350745,
        0.6957929543729735,
        -0.46464952897752965
    ],
    "model_name": "position_biased_model"
}